"region_count","ratio_tumor_tissue","largest_tumor_area","longest_axis_largest_tumor","pixels_gt_90","avg_prediction","max_area","mean_area","area_variance","area_skew","area_kurt","max_perimeter","mean_perimeter","perimeter_variance","perimeter_skew","perimeter_kurt","max_eccentricity","mean_eccentricity","eccentricity_variance","eccentricity_skew","eccentricity_kurt","max_extent","mean_extent","extent_variance","extent_skew","extent_kurt","max_solidity","mean_solidity","solidity_variance","solidity_skew","solidity_kurt","label"
2.0,0.0,4.0,3.46,3.0,247.0,2.0,1.5,0.25,0.0,-2.0,0.0,0.0,0.0,0.0,-3.0,1.0,0.5,0.25,0.0,-2.0,1.0,0.97,0.01,-2.85,6.1,1.0,1.0,0.0,0.0,-3.0,0
5.0,0.0,5.0,4.62,6.0,238.4,2.0,1.2,0.16,1.5,0.25,0.0,0.0,0.0,0.0,-3.0,1.0,0.2,0.16,1.5,0.25,1.0,0.95,0.02,-2.56,4.78,1.0,1.0,0.0,0.0,-3.0,0
7.0,0.0,6.0,3.13,10.0,238.62,3.0,1.43,0.53,1.36,0.23,3.41,0.49,1.43,2.04,2.17,1.0,0.26,0.17,1.0,-0.94,1.0,0.96,0.01,-2.86,7.17,1.0,1.0,0.0,0.0,-3.0,0
2.0,0.0,3.0,2.31,2.0,231.5,1.0,1.0,0.0,0.0,-3.0,0.0,0.0,0.0,0.0,-3.0,0.0,0.0,0.0,0.0,-3.0,1.0,0.98,0.0,-3.02,7.09,1.0,1.0,0.0,0.0,-3.0,0
8.0,0.0,6.0,4.06,8.0,243.25,1.0,1.0,0.0,0.0,-3.0,0.0,0.0,0.0,0.0,-3.0,0.0,0.0,0.0,0.0,-3.0,1.0,0.95,0.02,-2.7,6.13,1.0,1.0,0.0,0.0,-3.0,0
3.0,0.0,5.0,3.34,3.0,252.0,1.0,1.0,0.0,0.0,-3.0,0.0,0.0,0.0,0.0,-3.0,0.0,0.0,0.0,0.0,-3.0,1.0,0.95,0.01,-2.23,3.68,1.0,1.0,0.0,0.0,-3.0,0
1.0,0.0,2.0,2.0,1.0,233.0,1.0,1.0,0.0,0.0,-3.0,0.0,0.0,0.0,0.0,-3.0,0.0,0.0,0.0,0.0,-3.0,1.0,1.0,0.0,0.0,-3.0,1.0,1.0,0.0,0.0,-3.0,0
2.0,0.0,12.0,6.09,3.0,242.25,2.0,1.5,0.25,0.0,-2.0,0.0,0.0,0.0,0.0,-3.0,1.0,0.5,0.25,0.0,-2.0,1.0,0.89,0.03,-1.23,-0.15,1.0,1.0,0.0,0.0,-3.0,0
1.0,0.0,3.0,2.31,1.0,240.0,1.0,1.0,0.0,0.0,-3.0,0.0,0.0,0.0,0.0,-3.0,0.0,0.0,0.0,0.0,-3.0,1.0,0.92,0.02,-1.68,1.53,1.0,1.0,0.0,0.0,-3.0,0
0.0,0.0,0.0,0.0,0.0,0.0,0.0,0.0,0.0,0.0,0.0,0.0,0.0,0.0,0.0,0.0,0.0,0.0,0.0,0.0,0.0,0.0,0.0,0.0,0.0,0.0,0.0,0.0,0.0,0.0,0.0,0
0.0,0.0,0.0,0.0,0.0,0.0,0.0,0.0,0.0,0.0,0.0,0.0,0.0,0.0,0.0,0.0,0.0,0.0,0.0,0.0,0.0,0.0,0.0,0.0,0.0,0.0,0.0,0.0,0.0,0.0,0.0,0
13.0,0.0,7.0,4.8,14.0,240.65,2.0,1.08,0.07,3.18,8.08,0.0,0.0,0.0,0.0,-3.0,1.0,0.08,0.07,3.18,8.08,1.0,0.96,0.01,-2.82,6.76,1.0,1.0,0.0,0.0,-3.0,0
8.0,0.0,5.0,4.19,11.0,242.12,2.0,1.38,0.23,0.52,-1.73,0.0,0.0,0.0,0.0,-3.0,1.0,0.38,0.23,0.52,-1.73,1.0,0.97,0.01,-3.71,12.28,1.0,1.0,0.0,0.0,-3.0,0
4.0,0.0,5.0,3.1,5.0,241.25,2.0,1.25,0.19,1.15,-0.67,0.0,0.0,0.0,0.0,-3.0,1.0,0.25,0.19,1.15,-0.67,1.0,0.96,0.01,-2.74,6.9,1.0,1.0,0.0,0.0,-3.0,0
3.0,0.0,4.0,2.0,4.0,236.0,2.0,1.33,0.22,0.71,-1.5,0.0,0.0,0.0,0.0,-3.0,1.0,0.33,0.22,0.71,-1.5,1.0,0.98,0.0,-3.33,9.08,1.0,1.0,0.0,0.0,-3.0,0
1.0,0.0,3.0,3.68,1.0,239.0,1.0,1.0,0.0,0.0,-3.0,0.0,0.0,0.0,0.0,-3.0,0.0,0.0,0.0,0.0,-3.0,1.0,0.97,0.01,-3.54,11.03,1.0,1.0,0.0,0.0,-3.0,0
19.0,0.0,8.0,6.37,25.0,237.37,3.0,1.32,0.32,1.62,1.62,3.41,0.18,0.58,4.01,14.06,1.0,0.25,0.18,1.1,-0.76,1.0,0.96,0.01,-2.95,8.08,1.0,1.0,0.0,0.0,-3.0,0
29.0,0.0,10.0,8.44,36.0,239.32,3.0,1.24,0.25,1.99,3.13,3.41,0.12,0.39,5.1,24.04,1.0,0.2,0.16,1.47,0.18,1.0,0.96,0.01,-2.77,6.74,1.0,1.0,0.0,0.0,-3.0,0
20.0,0.0,10.0,4.2,35.0,240.23,8.0,1.75,3.29,2.64,5.59,7.41,0.68,4.23,2.71,5.42,1.0,0.21,0.15,1.32,-0.06,1.0,0.95,0.01,-2.05,2.66,1.0,1.0,0.0,0.0,-3.0,0
0.0,0.0,0.0,0.0,0.0,0.0,0.0,0.0,0.0,0.0,0.0,0.0,0.0,0.0,0.0,0.0,0.0,0.0,0.0,0.0,0.0,0.0,0.0,0.0,0.0,0.0,0.0,0.0,0.0,0.0,0.0,0
5.0,0.0,5.0,3.1,6.0,238.3,2.0,1.2,0.16,1.5,0.25,0.0,0.0,0.0,0.0,-3.0,1.0,0.2,0.16,1.5,0.25,1.0,0.95,0.01,-2.61,6.3,1.0,1.0,0.0,0.0,-3.0,0
0.0,0.0,0.0,0.0,0.0,0.0,0.0,0.0,0.0,0.0,0.0,0.0,0.0,0.0,0.0,0.0,0.0,0.0,0.0,0.0,0.0,0.0,0.0,0.0,0.0,0.0,0.0,0.0,0.0,0.0,0.0,0
0.0,0.0,0.0,0.0,0.0,0.0,0.0,0.0,0.0,0.0,0.0,0.0,0.0,0.0,0.0,0.0,0.0,0.0,0.0,0.0,0.0,0.0,0.0,0.0,0.0,0.0,0.0,0.0,0.0,0.0,0.0,0
12.0,0.0,10.0,4.75,21.0,238.97,4.0,1.75,1.02,1.0,-0.38,4.62,0.75,2.27,1.78,1.49,1.0,0.38,0.21,0.39,-1.78,1.0,0.93,0.03,-1.98,2.51,1.0,1.0,0.0,0.0,-3.0,0
6.0,0.0,8.0,5.45,9.0,236.42,2.0,1.5,0.25,0.0,-2.0,0.0,0.0,0.0,0.0,-3.0,1.0,0.5,0.25,0.0,-2.0,1.0,0.97,0.01,-3.14,9.25,1.0,1.0,0.0,0.0,-3.0,0
6.0,0.0,4.0,3.4,6.0,234.33,1.0,1.0,0.0,0.0,-3.0,0.0,0.0,0.0,0.0,-3.0,0.0,0.0,0.0,0.0,-3.0,1.0,0.96,0.02,-2.82,6.82,1.0,1.0,0.0,0.0,-3.0,0
21.0,0.0,8.0,4.12,28.0,239.29,3.0,1.33,0.41,1.72,1.54,3.41,0.22,0.58,3.63,12.08,1.0,0.23,0.17,1.25,-0.4,1.0,0.96,0.01,-2.8,6.96,1.0,0.99,0.0,-4.25,16.05,0
1.0,0.0,5.0,3.1,1.0,249.0,1.0,1.0,0.0,0.0,-3.0,0.0,0.0,0.0,0.0,-3.0,0.0,0.0,0.0,0.0,-3.0,1.0,0.91,0.02,-0.82,-1.0,1.0,1.0,0.0,0.0,-3.0,0
5.0,0.0,5.0,3.34,6.0,236.7,2.0,1.2,0.16,1.5,0.25,0.0,0.0,0.0,0.0,-3.0,1.0,0.2,0.16,1.5,0.25,1.0,0.97,0.01,-3.74,14.13,1.0,1.0,0.0,0.0,-3.0,0
5.0,0.0,9.0,5.39,5.0,238.2,1.0,1.0,0.0,0.0,-3.0,0.0,0.0,0.0,0.0,-3.0,0.0,0.0,0.0,0.0,-3.0,1.0,0.94,0.02,-2.41,4.44,1.0,1.0,0.0,0.0,-3.0,0
65.0,0.0,20.0,8.59,90.0,240.87,4.0,1.38,0.51,1.79,2.26,4.0,0.27,0.77,3.32,9.64,1.0,0.24,0.17,1.2,-0.53,1.0,0.93,0.03,-2.26,3.63,1.0,1.0,0.0,0.0,-3.0,0
3.0,0.0,6.0,3.83,3.0,237.33,1.0,1.0,0.0,0.0,-3.0,0.0,0.0,0.0,0.0,-3.0,0.0,0.0,0.0,0.0,-3.0,1.0,0.93,0.02,-2.22,3.78,1.0,1.0,0.0,0.0,-3.0,0
17.0,0.0,15.0,6.6,33.0,242.94,8.0,1.94,3.47,2.22,4.08,8.21,1.14,5.17,1.96,2.89,1.0,0.26,0.17,0.94,-1.08,1.0,0.92,0.03,-1.95,2.26,1.0,0.98,0.0,-2.57,4.95,0
33.0,0.0,9.0,4.62,38.0,241.08,3.0,1.15,0.19,2.96,8.22,3.41,0.1,0.34,5.48,28.03,1.0,0.12,0.1,2.35,3.6,1.0,0.95,0.02,-2.82,6.78,1.0,1.0,0.0,0.0,-3.0,0
6.0,0.0,4.0,2.0,8.0,236.92,2.0,1.33,0.22,0.71,-1.5,0.0,0.0,0.0,0.0,-3.0,1.0,0.33,0.22,0.71,-1.5,1.0,0.98,0.01,-4.65,21.78,1.0,1.0,0.0,0.0,-3.0,0
4.0,0.0,9.0,4.71,4.0,240.25,1.0,1.0,0.0,0.0,-3.0,0.0,0.0,0.0,0.0,-3.0,0.0,0.0,0.0,0.0,-3.0,1.0,0.97,0.01,-3.43,10.83,1.0,1.0,0.0,0.0,-3.0,0
5.0,0.0,4.0,2.0,5.0,235.0,1.0,1.0,0.0,0.0,-3.0,0.0,0.0,0.0,0.0,-3.0,0.0,0.0,0.0,0.0,-3.0,1.0,0.97,0.01,-3.98,14.92,1.0,1.0,0.0,0.0,-3.0,0
24.0,0.0,10.0,6.84,31.0,238.44,4.0,1.29,0.54,2.63,6.0,4.0,0.31,1.06,3.05,7.4,1.0,0.12,0.1,2.31,3.41,1.0,0.96,0.02,-3.16,9.42,1.0,1.0,0.0,0.0,-3.0,0
12.0,0.0,6.0,4.5,13.0,241.17,2.0,1.08,0.08,3.02,7.09,0.0,0.0,0.0,0.0,-3.0,1.0,0.08,0.08,3.02,7.09,1.0,0.95,0.01,-2.39,4.87,1.0,1.0,0.0,0.0,-3.0,0
2.0,0.0,5.0,3.76,2.0,240.5,1.0,1.0,0.0,0.0,-3.0,0.0,0.0,0.0,0.0,-3.0,0.0,0.0,0.0,0.0,-3.0,1.0,0.96,0.01,-3.03,7.91,1.0,1.0,0.0,0.0,-3.0,0
9.0,0.0,10.0,4.67,9.0,240.11,1.0,1.0,0.0,0.0,-3.0,0.0,0.0,0.0,0.0,-3.0,0.0,0.0,0.0,0.0,-3.0,1.0,0.97,0.01,-3.28,9.93,1.0,1.0,0.0,0.0,-3.0,0
21.0,0.0,26.0,10.71,47.0,240.22,13.0,2.24,6.66,3.43,11.46,11.62,1.12,7.43,2.84,7.71,1.0,0.41,0.23,0.31,-1.88,1.0,0.94,0.02,-2.3,3.9,1.0,0.99,0.0,-4.25,16.05,0
9.0,0.0,9.0,6.0,14.0,237.57,3.0,1.56,0.47,0.84,-0.5,1.0,0.11,0.1,2.47,4.12,1.0,0.44,0.25,0.22,-1.95,1.0,0.94,0.02,-2.25,3.6,1.0,1.0,0.0,0.0,-3.0,0
77.0,0.0,571.0,40.52,532.0,240.86,423.0,6.91,2279.04,8.6,71.95,220.72,3.15,624.24,8.57,71.69,1.0,0.26,0.19,1.04,-0.89,1.0,0.94,0.02,-2.26,3.68,1.0,0.99,0.0,-6.55,42.86,0
9.0,0.0,8.0,4.42,13.0,242.33,3.0,1.44,0.47,1.24,0.17,3.41,0.38,1.15,2.47,4.13,1.0,0.31,0.2,0.75,-1.4,1.0,0.96,0.01,-3.26,9.82,1.0,1.0,0.0,0.0,-3.0,0
14.0,0.0,10.0,5.18,18.0,237.74,3.0,1.29,0.35,1.93,2.48,3.41,0.24,0.77,3.33,9.08,1.0,0.2,0.15,1.43,0.1,1.0,0.96,0.01,-3.23,10.32,1.0,1.0,0.0,0.0,-3.0,0
8.0,0.0,36.0,12.92,8.0,236.88,1.0,1.0,0.0,0.0,-3.0,0.0,0.0,0.0,0.0,-3.0,0.0,0.0,0.0,0.0,-3.0,1.0,0.95,0.02,-2.73,6.72,1.0,1.0,0.0,0.0,-3.0,0
2.0,0.0,4.0,2.0,2.0,235.0,1.0,1.0,0.0,0.0,-3.0,0.0,0.0,0.0,0.0,-3.0,0.0,0.0,0.0,0.0,-3.0,1.0,0.98,0.0,-3.38,9.41,1.0,1.0,0.0,0.0,-3.0,0
24.0,0.0,10.0,5.95,35.0,238.64,5.0,1.46,1.08,2.33,4.33,5.21,0.53,2.01,2.43,4.22,1.0,0.15,0.12,1.84,1.46,1.0,0.95,0.02,-2.82,7.09,1.0,1.0,0.0,0.0,-3.0,0
4.0,0.0,9.0,4.62,8.0,239.1,5.0,2.0,3.0,1.15,-0.67,5.21,1.3,5.08,1.15,-0.67,0.82,0.2,0.12,1.15,-0.67,1.0,0.95,0.02,-2.19,3.77,1.0,1.0,0.0,0.0,-3.0,0
9.0,0.0,29.0,11.0,13.0,232.04,3.0,1.44,0.47,1.24,0.17,1.21,0.13,0.14,2.47,4.13,1.0,0.33,0.22,0.71,-1.5,1.0,0.92,0.03,-1.99,2.67,1.0,1.0,0.0,0.0,-3.0,0
1.0,0.0,8.0,3.46,1.0,230.0,1.0,1.0,0.0,0.0,-3.0,0.0,0.0,0.0,0.0,-3.0,0.0,0.0,0.0,0.0,-3.0,1.0,0.95,0.02,-2.61,5.29,1.0,1.0,0.0,0.0,-3.0,0
4.0,0.0,8.0,4.9,4.0,243.75,1.0,1.0,0.0,0.0,-3.0,0.0,0.0,0.0,0.0,-3.0,0.0,0.0,0.0,0.0,-3.0,1.0,0.92,0.03,-2.04,3.01,1.0,1.0,0.0,0.0,-3.0,0
7.0,0.0,12.0,5.14,9.0,241.52,3.0,1.29,0.49,2.04,2.17,3.41,0.49,1.43,2.04,2.17,0.82,0.12,0.08,2.04,2.17,1.0,0.94,0.02,-2.42,4.42,1.0,1.0,0.0,0.0,-3.0,0
16.0,0.0,20.0,7.32,33.0,236.91,8.0,2.06,3.18,2.28,4.83,8.0,1.18,5.07,1.88,2.6,1.0,0.35,0.2,0.55,-1.65,1.0,0.92,0.03,-1.9,2.22,1.0,0.99,0.0,-3.61,11.07,0
95.0,0.0,75.0,15.51,242.0,238.6,18.0,2.55,9.22,3.55,13.82,18.41,1.61,10.28,2.84,9.68,1.0,0.43,0.21,0.17,-1.9,1.0,0.87,0.04,-1.16,-0.05,1.0,0.98,0.0,-3.38,11.73,0
5.0,0.0,6.0,3.65,6.0,234.2,2.0,1.2,0.16,1.5,0.25,0.0,0.0,0.0,0.0,-3.0,1.0,0.2,0.16,1.5,0.25,1.0,0.95,0.02,-2.3,4.37,1.0,1.0,0.0,0.0,-3.0,0
340.0,0.0,54.0,17.01,856.0,241.98,20.0,2.52,7.26,3.16,12.65,16.49,1.52,8.49,2.37,6.45,1.0,0.44,0.22,0.13,-1.92,1.0,0.89,0.03,-1.41,0.54,1.0,0.98,0.0,-3.78,14.54,0
31.0,0.0,11.0,4.53,45.0,239.71,4.0,1.45,0.51,1.79,3.25,4.62,0.18,0.69,4.97,23.49,1.0,0.35,0.22,0.62,-1.6,1.0,0.95,0.02,-2.44,4.94,1.0,1.0,0.0,0.0,-3.0,0
127.0,0.0,95.0,12.93,532.0,242.2,70.0,4.19,70.01,5.19,32.17,41.56,2.78,40.59,3.65,15.15,1.0,0.5,0.22,-0.1,-1.92,1.0,0.91,0.03,-1.78,1.91,1.0,0.97,0.01,-2.88,7.84,0
7.0,0.0,14.0,7.66,10.0,239.43,4.0,1.43,1.1,2.04,2.17,4.41,0.63,2.39,2.04,2.17,0.92,0.13,0.1,2.04,2.17,1.0,0.94,0.02,-2.3,4.12,1.0,1.0,0.0,0.0,-3.0,0
10.0,0.0,30.0,9.48,23.0,248.8,7.0,2.3,3.41,1.56,1.39,5.41,0.98,3.14,1.64,1.23,1.0,0.47,0.22,0.03,-1.97,1.0,0.92,0.03,-2.07,2.94,1.0,0.98,0.0,-2.67,5.11,0
25.0,0.0,16.0,4.84,47.0,236.97,13.0,1.88,5.63,4.12,16.36,10.83,0.59,4.98,3.99,14.93,1.0,0.3,0.2,0.87,-1.18,1.0,0.91,0.03,-1.75,1.59,1.0,1.0,0.0,0.0,-3.0,0
13.0,0.0,11.0,4.99,23.0,240.1,4.0,1.77,1.1,0.87,-0.81,4.0,1.1,2.72,0.86,-1.22,1.0,0.27,0.16,0.88,-1.17,1.0,0.94,0.02,-2.23,3.42,1.0,1.0,0.0,0.0,-3.0,0
136.0,0.0,60.0,14.46,179.0,236.66,5.0,1.32,0.53,3.03,10.4,4.83,0.19,0.66,4.23,16.56,1.0,0.2,0.16,1.44,0.13,1.0,0.91,0.03,-1.67,1.4,1.0,1.0,0.0,-8.84,79.59,0
17.0,0.0,38.0,13.39,27.0,236.66,10.0,1.59,4.48,3.68,11.7,10.21,0.6,5.77,3.75,12.06,1.0,0.11,0.1,2.38,3.66,1.0,0.91,0.03,-1.79,1.9,1.0,0.99,0.0,-3.75,12.06,0
32.0,0.0,50.0,12.36,70.0,237.54,15.0,2.19,7.15,3.61,13.86,12.04,1.12,6.83,2.74,7.5,1.0,0.3,0.19,0.79,-1.29,1.0,0.88,0.04,-1.4,0.64,1.0,0.99,0.0,-5.39,27.03,0
19.0,0.0,34.0,12.93,32.0,236.92,3.0,1.68,0.53,0.57,-0.95,3.41,0.54,1.55,1.88,1.52,1.0,0.5,0.23,-0.06,-1.94,1.0,0.88,0.04,-1.36,0.34,1.0,1.0,0.0,0.0,-3.0,0
74.0,0.0,27.0,9.3,114.0,239.58,7.0,1.54,1.06,2.87,10.25,6.83,0.46,1.75,3.0,8.52,1.0,0.3,0.19,0.83,-1.25,1.0,0.92,0.03,-1.83,2.09,1.0,1.0,0.0,-8.43,69.01,0
10.0,0.0,6.0,5.08,11.0,238.2,2.0,1.1,0.09,2.67,5.11,0.0,0.0,0.0,0.0,-3.0,1.0,0.1,0.09,2.67,5.11,1.0,0.95,0.01,-2.52,5.23,1.0,1.0,0.0,0.0,-3.0,0
19.0,0.0,8.0,4.19,24.0,239.13,4.0,1.26,0.51,3.04,8.5,4.41,0.23,0.97,4.01,14.06,1.0,0.15,0.13,1.88,1.56,1.0,0.95,0.02,-2.41,4.6,1.0,1.0,0.0,0.0,-3.0,0
152.0,0.0,46.0,11.82,279.0,237.95,10.0,1.84,2.74,3.24,11.62,10.07,0.76,3.75,2.84,7.8,1.0,0.36,0.21,0.5,-1.7,1.0,0.89,0.03,-1.45,0.74,1.0,1.0,0.0,-5.59,30.6,0
44.0,0.0,20.0,10.38,75.0,241.22,11.0,1.7,2.66,4.31,21.16,11.04,0.59,3.57,4.16,18.81,1.0,0.31,0.2,0.8,-1.33,1.0,0.93,0.02,-2.12,3.46,1.0,0.99,0.0,-4.87,22.96,0
9.0,0.0,16.0,10.27,9.0,238.22,1.0,1.0,0.0,0.0,-3.0,0.0,0.0,0.0,0.0,-3.0,0.0,0.0,0.0,0.0,-3.0,1.0,0.93,0.02,-2.16,3.36,1.0,1.0,0.0,0.0,-3.0,0
75.0,0.0,26.0,8.94,127.0,238.3,8.0,1.69,1.76,2.7,8.25,7.83,0.7,2.74,2.42,5.3,1.0,0.27,0.18,0.94,-1.06,1.0,0.92,0.03,-1.77,1.8,1.0,0.99,0.0,-5.84,35.24,0
2.0,0.0,14.0,12.6,2.0,241.0,1.0,1.0,0.0,0.0,-3.0,0.0,0.0,0.0,0.0,-3.0,0.0,0.0,0.0,0.0,-3.0,1.0,0.9,0.04,-1.85,2.07,1.0,1.0,0.0,0.0,-3.0,0
39.0,0.0,34.0,9.76,64.0,242.11,7.0,1.64,1.46,2.8,8.61,7.41,0.45,2.04,3.66,13.29,1.0,0.35,0.22,0.6,-1.62,1.0,0.91,0.03,-1.65,1.24,1.0,0.99,0.0,-4.21,16.12,0
9.0,0.0,9.0,5.49,10.0,242.06,2.0,1.11,0.1,2.47,4.12,0.0,0.0,0.0,0.0,-3.0,1.0,0.11,0.1,2.47,4.12,1.0,0.92,0.03,-1.63,1.05,1.0,1.0,0.0,0.0,-3.0,0
35.0,0.0,14.0,8.55,52.0,242.21,4.0,1.49,0.59,1.55,1.68,4.0,0.41,1.29,2.45,4.08,1.0,0.3,0.2,0.83,-1.27,1.0,0.95,0.02,-2.46,4.92,1.0,1.0,0.0,0.0,-3.0,0
2.0,0.0,6.0,3.97,2.0,245.0,1.0,1.0,0.0,0.0,-3.0,0.0,0.0,0.0,0.0,-3.0,0.0,0.0,0.0,0.0,-3.0,1.0,0.97,0.01,-3.32,9.5,1.0,1.0,0.0,0.0,-3.0,0
38.0,0.01,971.0,43.27,864.0,241.37,541.0,22.74,7983.88,5.2,26.88,257.65,11.61,1891.52,4.9,24.17,1.0,0.51,0.22,-0.15,-1.91,1.0,0.92,0.03,-2.07,3.12,1.0,0.96,0.01,-2.76,6.42,1
7.0,0.0,68.0,17.85,61.0,244.14,52.0,8.71,312.78,2.03,2.15,37.73,5.88,170.46,2.01,2.09,1.0,0.4,0.21,0.32,-1.85,1.0,0.96,0.01,-2.8,6.75,1.0,0.96,0.01,-2.04,2.17,1
6.0,0.0,166.0,24.37,159.0,242.62,144.0,26.5,2774.58,1.77,1.16,73.49,13.82,724.01,1.73,1.08,0.88,0.26,0.14,0.76,-1.35,1.0,0.96,0.02,-2.64,5.12,1.0,0.94,0.02,-1.79,1.2,1
28.0,0.0,74.0,29.68,166.0,240.33,61.0,5.93,226.49,3.29,8.93,47.01,3.32,99.87,3.54,11.54,1.0,0.43,0.22,0.21,-1.89,1.0,0.92,0.03,-2.13,3.63,1.0,0.98,0.0,-3.4,10.06,1
126.0,0.21,27108.0,257.91,41518.0,239.59,23660.0,329.51,6611222.74,8.06,64.6,5733.21,92.51,476481.37,7.76,58.3,1.0,0.51,0.21,-0.18,-1.89,1.0,0.93,0.02,-2.06,2.91,1.0,0.95,0.01,-2.81,7.68,1
10.0,0.0,29.0,10.79,44.0,239.95,22.0,4.4,40.64,2.05,2.89,17.86,3.09,31.24,1.79,2.0,1.0,0.35,0.19,0.48,-1.67,1.0,0.95,0.02,-2.32,4.14,1.0,0.97,0.0,-1.85,1.85,1
18.0,0.0,472.0,38.41,473.0,241.54,411.0,26.28,8763.53,3.84,12.85,151.71,10.33,1205.96,3.73,12.27,1.0,0.34,0.19,0.55,-1.59,1.0,0.95,0.02,-2.3,4.01,1.0,0.97,0.01,-3.14,8.66,1
24.0,0.03,3548.0,80.21,4080.0,241.49,3282.0,170.0,436859.33,4.35,17.49,557.37,31.77,12806.31,4.19,16.42,1.0,0.45,0.21,0.07,-1.92,1.0,0.96,0.02,-2.96,7.59,1.0,0.97,0.0,-1.55,0.56,1
7.0,0.0,18.0,6.18,19.0,240.77,10.0,2.71,9.92,1.66,1.16,8.83,1.83,10.06,1.44,0.49,0.87,0.12,0.09,2.04,2.17,1.0,0.96,0.01,-2.74,6.62,1.0,1.0,0.0,0.0,-3.0,1
44.0,0.04,1641.0,94.24,6699.0,246.17,1231.0,152.25,87130.41,2.34,5.14,264.8,42.07,4395.61,1.82,2.48,1.0,0.59,0.14,-0.72,-1.12,1.0,0.9,0.03,-1.49,0.61,1.0,0.91,0.01,-0.78,-0.56,1
29.0,0.01,2302.0,79.3,2079.0,241.4,1997.0,71.69,132400.9,5.1,24.03,818.48,30.06,22213.26,5.1,24.0,1.0,0.27,0.16,0.88,-1.14,1.0,0.94,0.02,-2.59,5.88,1.0,0.96,0.01,-2.77,6.27,1
11.0,0.0,291.0,34.39,239.0,243.09,203.0,21.73,3321.11,2.79,5.91,108.78,12.28,958.73,2.71,5.59,0.92,0.32,0.18,0.58,-1.65,1.0,0.94,0.02,-2.37,4.35,1.0,0.96,0.01,-2.35,4.07,1
162.0,0.02,4568.0,166.3,2952.0,238.57,1068.0,18.22,8967.35,9.3,94.16,767.67,12.99,4515.24,9.47,98.14,1.0,0.57,0.2,-0.47,-1.67,1.0,0.86,0.04,-1.18,0.03,1.0,0.93,0.02,-1.85,2.45,1
154.0,0.15,14536.0,244.65,41666.0,242.04,13436.0,270.56,2691163.99,6.77,46.32,2149.69,41.37,62449.59,7.55,57.96,1.0,0.47,0.19,-0.03,-1.87,1.0,0.91,0.03,-1.7,1.49,1.0,0.95,0.01,-2.29,5.53,1
340.0,0.08,11487.0,174.48,10953.0,240.86,8189.0,32.21,196642.25,18.3,333.7,3590.39,16.15,37846.94,18.24,332.12,1.0,0.54,0.2,-0.33,-1.78,1.0,0.82,0.05,-0.82,-0.88,1.0,0.95,0.01,-2.16,3.99,1
19.0,0.0,28.0,9.59,46.0,239.27,22.0,2.42,21.61,3.91,13.56,16.24,1.03,13.43,3.76,12.63,1.0,0.3,0.2,0.82,-1.3,1.0,0.97,0.01,-3.45,11.86,1.0,1.0,0.0,-4.01,14.06,1
328.0,0.23,17520.0,250.74,29002.0,241.79,12684.0,88.42,882869.88,12.51,156.65,5675.02,42.4,177888.19,12.5,156.35,1.0,0.59,0.18,-0.59,-1.5,1.0,0.87,0.04,-1.16,-0.06,1.0,0.93,0.02,-1.76,2.07,1
95.0,0.04,2601.0,97.86,2724.0,239.44,1394.0,28.67,29022.16,7.04,49.12,655.81,13.71,5836.69,7.34,54.67,1.0,0.48,0.21,-0.05,-1.93,1.0,0.89,0.04,-1.62,1.58,1.0,0.95,0.01,-2.53,6.92,1
27.0,0.01,877.0,66.63,2139.0,243.62,758.0,79.22,27411.88,2.87,8.11,294.66,35.37,4266.03,2.66,6.96,1.0,0.54,0.18,-0.41,-1.7,1.0,0.9,0.03,-1.78,1.96,1.0,0.89,0.02,-1.2,0.37,1
17.0,0.08,1577.0,56.83,2249.0,247.61,1525.0,132.29,125276.21,3.55,11.11,186.44,30.82,2117.68,2.24,4.83,1.0,0.68,0.11,-1.31,0.15,1.0,0.79,0.04,-0.25,-1.1,1.0,0.91,0.02,-1.31,0.36,1
19.0,0.0,214.0,39.26,152.0,240.86,81.0,8.0,327.89,3.43,10.93,58.08,5.59,180.05,3.16,9.4,1.0,0.43,0.21,0.15,-1.91,1.0,0.94,0.02,-2.38,4.33,1.0,0.95,0.01,-1.81,1.48,1
20.0,0.04,2801.0,74.21,2682.0,239.39,2660.0,134.1,335798.69,4.13,15.05,336.68,17.0,5379.17,4.13,15.05,1.0,0.13,0.09,2.05,2.37,1.0,0.94,0.02,-2.44,4.77,1.0,0.99,0.0,-4.13,15.05,1
43.0,0.01,472.0,45.58,871.0,241.71,425.0,20.26,7438.93,4.32,16.66,151.71,6.78,901.76,4.33,16.9,1.0,0.18,0.14,1.63,0.69,1.0,0.94,0.02,-2.33,3.99,1.0,0.99,0.0,-4.32,16.74,1
1380.0,0.24,20795.0,332.16,52734.0,239.53,10175.0,38.21,182166.99,18.61,393.34,3903.64,18.08,30393.48,17.45,348.92,1.0,0.5,0.2,-0.15,-1.88,1.0,0.86,0.04,-1.13,-0.15,1.0,0.95,0.01,-2.2,3.88,1
6.0,0.0,81.0,13.21,108.0,242.4,75.0,18.0,754.33,1.34,0.19,34.14,9.0,179.03,0.99,-0.71,0.77,0.24,0.12,0.73,-1.45,1.0,0.94,0.02,-2.03,2.93,1.0,0.95,0.0,-0.73,-1.44,1
15.0,0.0,399.0,40.16,315.0,242.44,236.0,21.0,3371.07,3.36,9.54,119.98,11.38,883.75,3.21,8.89,1.0,0.48,0.21,-0.07,-1.92,1.0,0.94,0.02,-2.37,5.42,1.0,0.92,0.02,-1.36,0.3,1
39.0,0.0,64.0,12.93,98.0,238.38,51.0,2.51,62.15,5.96,33.7,32.52,1.01,26.7,5.81,32.48,1.0,0.19,0.14,1.5,0.31,1.0,0.96,0.02,-2.77,6.58,1.0,0.99,0.0,-6.0,34.03,1
647.0,0.55,31107.0,238.13,122534.0,243.5,27828.0,189.39,3885756.64,12.15,151.75,7358.53,56.77,283065.79,11.86,144.11,1.0,0.55,0.19,-0.4,-1.69,1.0,0.84,0.05,-0.86,-0.77,1.0,0.94,0.01,-1.96,2.96,1
39.0,0.0,50.0,14.47,116.0,241.23,46.0,2.97,54.64,5.16,26.62,31.07,1.5,28.29,4.61,21.91,1.0,0.25,0.17,1.09,-0.74,1.0,0.93,0.03,-1.93,2.19,1.0,0.99,0.0,-4.37,17.93,1
47.0,0.24,12087.0,149.96,18087.0,240.13,11307.0,384.83,3496970.18,5.01,24.35,1801.11,78.71,129064.14,4.53,18.55,1.0,0.5,0.18,-0.18,-1.82,1.0,0.94,0.02,-2.17,3.26,1.0,0.96,0.01,-2.72,6.89,1
307.0,0.01,846.0,139.59,2405.0,241.22,401.0,7.83,1002.41,9.37,100.13,236.0,4.8,342.93,8.79,93.5,1.0,0.45,0.21,0.11,-1.92,1.0,0.87,0.04,-1.23,0.07,1.0,0.96,0.01,-2.57,5.93,1
24.0,0.01,1942.0,57.64,1802.0,239.35,1729.0,75.08,118968.91,4.59,19.03,471.94,21.14,8852.91,4.57,18.96,1.0,0.4,0.2,0.31,-1.77,1.0,0.94,0.02,-2.28,3.85,1.0,0.99,0.0,-3.64,12.17,1
18.0,0.0,129.0,23.29,170.0,240.29,111.0,9.44,616.69,3.78,12.55,55.63,5.25,160.75,3.45,10.87,1.0,0.59,0.2,-0.49,-1.64,1.0,0.85,0.04,-0.96,-0.45,1.0,0.97,0.01,-1.84,1.44,1
14.0,0.0,89.0,13.57,93.0,244.72,73.0,6.64,339.52,3.31,9.02,36.38,3.16,86.81,3.21,8.56,1.0,0.33,0.19,0.64,-1.54,1.0,0.95,0.02,-2.44,4.87,1.0,0.99,0.0,-3.33,9.08,1
57.0,0.0,329.0,60.8,471.0,241.56,176.0,8.26,581.77,6.01,38.21,105.46,5.63,240.05,4.97,27.82,1.0,0.5,0.23,-0.08,-1.96,1.0,0.91,0.03,-1.96,2.73,1.0,0.94,0.02,-2.38,4.85,1
6.0,0.0,26.0,7.63,34.0,245.0,18.0,5.67,43.22,0.98,-0.72,14.28,3.85,32.14,0.94,-0.85,1.0,0.43,0.19,0.09,-1.88,1.0,0.97,0.01,-3.51,12.4,1.0,0.95,0.0,-0.71,-1.48,1
26.0,0.02,841.0,42.56,3724.0,249.65,783.0,143.23,47800.02,2.02,3.03,178.96,48.89,2941.13,1.35,0.87,1.0,0.76,0.11,-1.73,1.27,1.0,0.87,0.04,-1.16,-0.2,1.0,0.86,0.01,0.15,-1.35,1
26.0,0.03,3652.0,74.84,7062.0,240.79,3521.0,271.62,860622.39,3.18,8.09,463.42,37.8,14758.92,3.16,8.04,1.0,0.42,0.19,0.18,-1.81,1.0,0.94,0.02,-2.29,4.28,1.0,0.95,0.01,-2.39,4.4,1
77.0,0.04,1904.0,82.6,2977.0,241.94,1483.0,38.66,33248.9,6.9,49.56,789.45,20.72,8714.22,7.39,57.0,1.0,0.49,0.18,-0.14,-1.81,1.0,0.9,0.04,-1.66,1.34,1.0,0.94,0.02,-2.2,3.68,1
139.0,0.56,89337.0,360.76,139188.0,241.8,87244.0,1001.35,66597838.93,9.36,91.03,5228.42,77.79,279506.61,8.38,72.34,1.0,0.58,0.16,-0.57,-1.45,1.0,0.82,0.04,-0.72,-0.88,1.0,0.95,0.01,-2.4,5.97,1
59.0,0.01,1401.0,71.4,1638.0,235.96,1106.0,27.76,22713.5,6.46,42.05,208.2,6.59,940.02,5.65,31.76,1.0,0.44,0.23,0.18,-1.92,1.0,0.94,0.02,-2.23,3.75,1.0,0.98,0.0,-2.84,6.49,1
37.0,0.0,284.0,41.3,378.0,239.74,185.0,10.22,911.41,5.26,27.39,102.88,6.53,296.72,4.77,23.53,1.0,0.51,0.21,-0.19,-1.88,1.0,0.91,0.03,-1.7,1.64,1.0,0.95,0.01,-1.98,2.77,1
18.0,0.01,1924.0,70.5,2726.0,239.41,1732.0,151.44,193779.8,2.87,6.84,381.55,41.8,12924.02,2.48,4.21,1.0,0.29,0.17,0.74,-1.4,1.0,0.94,0.02,-2.32,4.02,1.0,0.96,0.01,-2.41,4.64,1
52.0,0.01,1624.0,62.7,919.0,238.58,504.0,17.67,5184.22,6.1,37.4,359.66,12.98,2648.23,6.05,36.98,1.0,0.57,0.18,-0.46,-1.63,1.0,0.93,0.02,-2.21,3.66,1.0,0.92,0.02,-1.88,2.26,1
6.0,0.0,185.0,22.43,238.0,244.71,159.0,39.67,3013.89,1.58,0.8,55.04,19.12,349.21,0.95,-0.45,0.92,0.66,0.1,-1.35,0.35,1.0,0.95,0.02,-2.62,5.72,1.0,0.95,0.0,-0.71,-1.5,1
53.0,0.05,3892.0,98.06,11370.0,242.12,3703.0,214.53,511302.21,4.22,17.21,558.75,38.74,12436.33,3.8,14.22,1.0,0.46,0.18,-0.08,-1.87,1.0,0.93,0.02,-1.94,2.41,1.0,0.96,0.01,-1.82,2.5,1
85.0,0.04,1396.0,45.59,3096.0,240.46,1161.0,36.42,28679.47,5.25,27.62,302.05,8.99,1669.83,5.57,32.63,1.0,0.4,0.22,0.34,-1.81,1.0,0.89,0.03,-1.41,0.59,1.0,0.98,0.0,-3.13,8.61,1
100.0,0.0,970.0,91.12,1122.0,237.86,450.0,11.22,2690.13,7.12,53.1,244.93,6.05,777.55,7.11,54.13,1.0,0.41,0.21,0.27,-1.86,1.0,0.9,0.03,-1.62,1.33,1.0,0.97,0.01,-3.01,8.58,1
1474.0,0.25,36101.0,343.57,99541.0,240.58,26993.0,67.53,877195.02,21.85,539.45,8510.11,24.65,76504.82,23.5,644.99,1.0,0.57,0.19,-0.48,-1.65,1.0,0.81,0.05,-0.79,-0.83,1.0,0.93,0.02,-1.92,2.81,1
57.0,0.01,414.0,35.8,1321.0,241.98,235.0,23.18,2372.18,3.05,8.75,151.26,15.03,875.85,2.99,8.87,1.0,0.6,0.16,-0.64,-1.33,1.0,0.92,0.03,-1.95,2.62,1.0,0.92,0.02,-1.4,0.42,1
39.0,0.01,1246.0,57.86,1104.0,241.55,929.0,28.31,21369.8,5.99,33.95,463.35,15.56,5297.66,5.96,33.73,1.0,0.49,0.19,-0.17,-1.88,1.0,0.91,0.03,-1.8,1.85,1.0,0.96,0.01,-2.59,7.42,1
99.0,0.0,405.0,27.77,506.0,237.81,364.0,5.11,1315.23,9.79,93.87,82.43,1.22,68.8,9.48,89.82,1.0,0.25,0.17,1.07,-0.8,1.0,0.89,0.03,-1.38,0.52,1.0,1.0,0.0,-6.84,44.91,1
41.0,0.0,112.0,38.86,321.0,238.53,70.0,7.83,321.26,2.74,5.88,46.8,4.94,143.85,2.62,5.42,1.0,0.3,0.18,0.73,-1.4,1.0,0.93,0.02,-2.32,4.84,1.0,0.96,0.01,-2.24,3.83,1
345.0,0.02,5314.0,88.08,6705.0,236.98,5029.0,19.43,74418.08,17.99,326.73,638.58,3.87,1328.92,15.86,266.47,1.0,0.39,0.21,0.37,-1.81,1.0,0.86,0.05,-1.09,-0.29,1.0,0.99,0.0,-4.36,20.62,1
21.0,0.0,328.0,24.95,372.0,238.06,301.0,17.71,4087.44,4.13,15.36,74.04,5.14,274.75,3.53,11.41,1.0,0.4,0.22,0.38,-1.78,1.0,0.91,0.03,-1.59,0.93,1.0,0.98,0.0,-3.52,11.3,1
369.0,0.01,1383.0,50.6,4893.0,241.69,1195.0,13.26,10452.06,10.23,105.44,390.33,5.02,1006.86,10.48,114.09,1.0,0.47,0.21,0.01,-1.93,1.0,0.87,0.04,-1.21,0.06,1.0,0.97,0.01,-2.71,6.4,1
22.0,0.0,8.0,6.15,34.0,239.92,6.0,1.55,1.34,2.71,7.25,5.41,0.45,1.71,3.0,7.71,1.0,0.26,0.18,1.06,-0.83,1.0,0.94,0.02,-2.43,4.47,1.0,1.0,0.0,0.0,-3.0,0
5.0,0.0,6.0,4.36,6.0,238.6,2.0,1.2,0.16,1.5,0.25,0.0,0.0,0.0,0.0,-3.0,1.0,0.2,0.16,1.5,0.25,1.0,0.96,0.01,-1.85,1.44,1.0,1.0,0.0,0.0,-3.0,0
2.0,0.0,5.0,4.34,3.0,247.75,2.0,1.5,0.25,0.0,-2.0,0.0,0.0,0.0,0.0,-3.0,1.0,0.5,0.25,0.0,-2.0,1.0,0.98,0.01,-3.93,14.07,1.0,1.0,0.0,0.0,-3.0,0
0.0,0.0,0.0,0.0,0.0,0.0,0.0,0.0,0.0,0.0,0.0,0.0,0.0,0.0,0.0,0.0,0.0,0.0,0.0,0.0,0.0,0.0,0.0,0.0,0.0,0.0,0.0,0.0,0.0,0.0,0.0,0
10.0,0.0,7.0,5.04,13.0,239.48,3.0,1.3,0.41,1.92,2.15,3.41,0.34,1.05,2.67,5.11,1.0,0.18,0.13,1.55,0.47,1.0,0.97,0.01,-3.55,11.96,1.0,1.0,0.0,0.0,-3.0,0
0.0,0.0,0.0,0.0,0.0,0.0,0.0,0.0,0.0,0.0,0.0,0.0,0.0,0.0,0.0,0.0,0.0,0.0,0.0,0.0,0.0,0.0,0.0,0.0,0.0,0.0,0.0,0.0,0.0,0.0,0.0,0
1.0,0.0,5.0,5.66,1.0,245.0,1.0,1.0,0.0,0.0,-3.0,0.0,0.0,0.0,0.0,-3.0,0.0,0.0,0.0,0.0,-3.0,1.0,0.99,0.01,-5.75,31.03,1.0,1.0,0.0,0.0,-3.0,0
0.0,0.0,0.0,0.0,0.0,0.0,0.0,0.0,0.0,0.0,0.0,0.0,0.0,0.0,0.0,0.0,0.0,0.0,0.0,0.0,0.0,0.0,0.0,0.0,0.0,0.0,0.0,0.0,0.0,0.0,0.0,0
0.0,0.0,0.0,0.0,0.0,0.0,0.0,0.0,0.0,0.0,0.0,0.0,0.0,0.0,0.0,0.0,0.0,0.0,0.0,0.0,0.0,0.0,0.0,0.0,0.0,0.0,0.0,0.0,0.0,0.0,0.0,0
0.0,0.0,0.0,0.0,0.0,0.0,0.0,0.0,0.0,0.0,0.0,0.0,0.0,0.0,0.0,0.0,0.0,0.0,0.0,0.0,0.0,0.0,0.0,0.0,0.0,0.0,0.0,0.0,0.0,0.0,0.0,0
0.0,0.0,0.0,0.0,0.0,0.0,0.0,0.0,0.0,0.0,0.0,0.0,0.0,0.0,0.0,0.0,0.0,0.0,0.0,0.0,0.0,0.0,0.0,0.0,0.0,0.0,0.0,0.0,0.0,0.0,0.0,0
5.0,0.0,5.0,4.34,7.0,238.9,2.0,1.4,0.24,0.41,-1.83,0.0,0.0,0.0,0.0,-3.0,1.0,0.4,0.24,0.41,-1.83,1.0,0.97,0.01,-2.99,7.51,1.0,1.0,0.0,0.0,-3.0,0
0.0,0.0,0.0,0.0,0.0,0.0,0.0,0.0,0.0,0.0,0.0,0.0,0.0,0.0,0.0,0.0,0.0,0.0,0.0,0.0,0.0,0.0,0.0,0.0,0.0,0.0,0.0,0.0,0.0,0.0,0.0,0
2.0,0.0,5.0,3.1,2.0,241.5,1.0,1.0,0.0,0.0,-3.0,0.0,0.0,0.0,0.0,-3.0,0.0,0.0,0.0,0.0,-3.0,1.0,0.97,0.01,-4.12,16.63,1.0,1.0,0.0,0.0,-3.0,0
6.0,0.0,4.0,2.0,6.0,242.0,1.0,1.0,0.0,0.0,-3.0,0.0,0.0,0.0,0.0,-3.0,0.0,0.0,0.0,0.0,-3.0,1.0,0.98,0.01,-5.18,26.45,1.0,1.0,0.0,0.0,-3.0,0
4.0,0.0,16.0,7.42,4.0,239.75,1.0,1.0,0.0,0.0,-3.0,0.0,0.0,0.0,0.0,-3.0,0.0,0.0,0.0,0.0,-3.0,1.0,0.93,0.03,-1.92,2.09,1.0,1.0,0.0,0.0,-3.0,0
3.0,0.0,6.0,3.65,4.0,236.17,2.0,1.33,0.22,0.71,-1.5,0.0,0.0,0.0,0.0,-3.0,1.0,0.33,0.22,0.71,-1.5,1.0,0.95,0.01,-1.98,1.99,1.0,1.0,0.0,0.0,-3.0,0
4.0,0.0,10.0,5.44,5.0,242.12,2.0,1.25,0.19,1.15,-0.67,0.0,0.0,0.0,0.0,-3.0,1.0,0.25,0.19,1.15,-0.67,1.0,0.96,0.01,-2.79,6.4,1.0,1.0,0.0,0.0,-3.0,0
50.0,0.0,20.0,6.8,88.0,241.09,10.0,1.76,2.1,3.77,18.12,9.41,0.62,2.64,3.68,15.23,1.0,0.36,0.22,0.52,-1.7,1.0,0.92,0.03,-1.91,2.27,1.0,0.99,0.0,-5.91,34.87,0
15.0,0.0,11.0,6.7,21.0,236.87,2.0,1.4,0.24,0.41,-1.83,0.0,0.0,0.0,0.0,-3.0,1.0,0.4,0.24,0.41,-1.83,1.0,0.95,0.02,-2.53,5.25,1.0,1.0,0.0,0.0,-3.0,0
0.0,0.0,0.0,0.0,0.0,0.0,0.0,0.0,0.0,0.0,0.0,0.0,0.0,0.0,0.0,0.0,0.0,0.0,0.0,0.0,0.0,0.0,0.0,0.0,0.0,0.0,0.0,0.0,0.0,0.0,0.0,0
5.0,0.0,7.0,3.65,5.0,240.8,1.0,1.0,0.0,0.0,-3.0,0.0,0.0,0.0,0.0,-3.0,0.0,0.0,0.0,0.0,-3.0,1.0,0.97,0.01,-3.35,9.84,1.0,1.0,0.0,0.0,-3.0,0
13.0,0.0,11.0,7.88,15.0,238.77,2.0,1.15,0.13,1.92,1.68,0.0,0.0,0.0,0.0,-3.0,1.0,0.15,0.13,1.92,1.68,1.0,0.95,0.02,-2.73,6.4,1.0,1.0,0.0,0.0,-3.0,0
5.0,0.0,6.0,4.0,5.0,233.8,1.0,1.0,0.0,0.0,-3.0,0.0,0.0,0.0,0.0,-3.0,0.0,0.0,0.0,0.0,-3.0,1.0,0.96,0.01,-2.27,3.54,1.0,1.0,0.0,0.0,-3.0,0
5.0,0.0,5.0,3.1,6.0,241.4,2.0,1.2,0.16,1.5,0.25,0.0,0.0,0.0,0.0,-3.0,1.0,0.2,0.16,1.5,0.25,1.0,0.97,0.01,-2.13,2.62,1.0,1.0,0.0,0.0,-3.0,0
7.0,0.0,12.0,4.86,13.0,238.71,6.0,1.86,2.98,1.89,1.78,6.62,0.95,5.37,2.04,2.17,1.0,0.27,0.18,0.96,-1.06,1.0,0.96,0.01,-2.97,7.82,1.0,0.98,0.0,-2.04,2.17,0
14.0,0.0,10.0,5.5,26.0,238.52,4.0,1.86,1.55,0.94,-0.93,4.62,1.17,3.51,1.0,-0.92,1.0,0.25,0.16,0.99,-0.96,1.0,0.94,0.02,-2.38,4.9,1.0,1.0,0.0,0.0,-3.0,0
8.0,0.0,5.0,3.1,10.0,237.46,3.0,1.25,0.44,2.27,3.14,3.41,0.43,1.27,2.27,3.14,0.82,0.1,0.07,2.27,3.14,1.0,0.97,0.01,-3.77,12.53,1.0,1.0,0.0,0.0,-3.0,0
1.0,0.0,2.0,2.0,1.0,240.0,1.0,1.0,0.0,0.0,-3.0,0.0,0.0,0.0,0.0,-3.0,0.0,0.0,0.0,0.0,-3.0,1.0,1.0,0.0,0.0,-3.0,1.0,1.0,0.0,0.0,-3.0,0
1.0,0.0,2.0,2.0,1.0,254.0,1.0,1.0,0.0,0.0,-3.0,0.0,0.0,0.0,0.0,-3.0,0.0,0.0,0.0,0.0,-3.0,1.0,1.0,0.0,0.0,-3.0,1.0,1.0,0.0,0.0,-3.0,0
21.0,0.0,8.0,5.75,27.0,238.38,4.0,1.29,0.49,2.87,7.95,3.21,0.15,0.47,4.25,16.05,1.0,0.19,0.15,1.58,0.52,1.0,0.91,0.03,-1.81,1.92,1.0,1.0,0.0,0.0,-3.0,0
10.0,0.0,20.0,10.91,21.0,241.38,4.0,2.1,1.09,0.33,-1.24,4.0,0.96,2.09,1.24,-0.09,1.0,0.48,0.23,0.03,-1.97,1.0,0.94,0.02,-2.19,3.67,1.0,1.0,0.0,0.0,-3.0,0
43.0,0.0,11.0,4.39,56.0,240.35,3.0,1.3,0.35,1.81,2.08,3.41,0.18,0.53,4.06,14.96,1.0,0.22,0.17,1.29,-0.3,1.0,0.96,0.02,-2.98,7.82,1.0,1.0,0.0,0.0,-3.0,0
16.0,0.0,20.0,7.37,25.0,240.75,3.0,1.56,0.62,0.94,-0.74,3.41,0.36,0.78,2.64,6.06,1.0,0.36,0.22,0.54,-1.69,1.0,0.95,0.02,-2.75,6.2,1.0,0.98,0.0,-3.61,11.07,0
21.0,0.0,16.0,9.05,39.0,245.15,9.0,1.86,2.98,3.33,11.02,9.21,0.76,4.56,3.08,8.86,1.0,0.41,0.22,0.32,-1.86,1.0,0.95,0.02,-2.49,5.0,1.0,1.0,0.0,0.0,-3.0,0
13.0,0.0,6.0,4.56,15.0,238.54,2.0,1.15,0.13,1.92,1.68,0.0,0.0,0.0,0.0,-3.0,1.0,0.15,0.13,1.92,1.68,1.0,0.95,0.02,-2.79,6.63,1.0,1.0,0.0,0.0,-3.0,0
29.0,0.0,9.0,5.83,40.0,235.78,4.0,1.38,0.51,2.13,4.31,4.62,0.28,1.06,3.54,10.87,1.0,0.26,0.18,1.04,-0.88,1.0,0.94,0.02,-2.36,4.29,1.0,1.0,0.0,0.0,-3.0,0
25.0,0.0,12.0,8.11,41.0,238.02,7.0,1.64,1.75,2.86,8.26,7.41,0.61,3.07,2.88,7.24,1.0,0.31,0.2,0.79,-1.35,1.0,0.94,0.02,-2.42,4.68,1.0,0.99,0.0,-4.69,20.04,0
15.0,0.0,7.0,3.02,16.0,240.23,2.0,1.07,0.06,3.47,10.07,0.0,0.0,0.0,0.0,-3.0,1.0,0.07,0.06,3.47,10.07,1.0,0.96,0.01,-3.2,9.41,1.0,1.0,0.0,0.0,-3.0,0
26.0,0.0,12.0,10.74,29.0,239.0,2.0,1.12,0.1,2.41,3.8,0.0,0.0,0.0,0.0,-3.0,1.0,0.12,0.1,2.41,3.8,1.0,0.97,0.01,-3.84,13.53,1.0,1.0,0.0,0.0,-3.0,0
5.0,0.0,4.0,3.46,6.0,238.1,2.0,1.2,0.16,1.5,0.25,0.0,0.0,0.0,0.0,-3.0,1.0,0.2,0.16,1.5,0.25,1.0,0.98,0.01,-3.6,11.28,1.0,1.0,0.0,0.0,-3.0,0
1.0,0.0,7.0,4.16,3.0,248.67,3.0,3.0,0.0,0.0,-3.0,1.0,1.0,0.0,0.0,-3.0,1.0,1.0,0.0,0.0,-3.0,1.0,0.98,0.0,-2.96,7.48,1.0,1.0,0.0,0.0,-3.0,0
24.0,0.0,7.0,5.45,26.0,238.04,2.0,1.08,0.08,3.02,7.09,0.0,0.0,0.0,0.0,-3.0,1.0,0.08,0.08,3.02,7.09,1.0,0.97,0.01,-3.75,12.62,1.0,1.0,0.0,0.0,-3.0,0
19.0,0.0,5.0,3.34,25.0,239.99,3.0,1.32,0.43,1.84,1.82,3.41,0.36,1.1,2.57,4.62,1.0,0.19,0.14,1.47,0.22,1.0,0.96,0.02,-2.74,6.53,1.0,1.0,0.0,0.0,-3.0,0
30.0,0.0,20.0,8.78,51.0,243.35,5.0,1.7,1.28,1.44,0.9,5.62,0.87,2.69,1.55,0.92,1.0,0.3,0.18,0.75,-1.38,1.0,0.94,0.02,-2.53,5.43,1.0,0.99,0.0,-5.2,25.03,0
12.0,0.0,23.0,11.13,21.0,240.76,6.0,1.75,2.35,1.95,2.33,6.21,0.78,3.45,2.19,3.31,1.0,0.23,0.16,1.17,-0.61,1.0,0.97,0.01,-4.06,15.55,1.0,0.97,0.0,-1.92,1.88,0
6.0,0.0,7.0,5.19,8.0,240.22,3.0,1.33,0.56,1.79,1.2,3.41,0.57,1.62,1.79,1.2,0.82,0.14,0.09,1.79,1.2,1.0,0.96,0.01,-2.83,7.14,1.0,1.0,0.0,0.0,-3.0,0
43.0,0.0,14.0,6.38,59.0,239.86,4.0,1.37,0.56,1.94,2.74,4.0,0.35,1.08,2.74,5.73,1.0,0.2,0.15,1.47,0.2,1.0,0.95,0.02,-2.66,5.9,1.0,1.0,0.0,0.0,-3.0,0
59.0,0.0,15.0,9.81,87.0,240.82,5.0,1.47,0.66,2.19,5.45,5.21,0.28,0.98,3.62,12.26,1.0,0.33,0.21,0.7,-1.49,1.0,0.93,0.02,-2.03,3.0,1.0,1.0,0.0,0.0,-3.0,0
4.0,0.0,12.0,7.52,7.0,237.42,3.0,1.75,0.69,0.49,-1.37,3.41,0.85,2.19,1.15,-0.67,1.0,0.45,0.21,0.06,-1.92,1.0,0.94,0.02,-2.18,3.48,1.0,1.0,0.0,0.0,-3.0,0
25.0,0.0,25.0,11.76,46.0,236.58,5.0,1.84,2.29,1.45,0.26,5.41,0.87,3.2,1.67,1.01,1.0,0.23,0.17,1.24,-0.44,1.0,0.91,0.03,-1.72,1.5,1.0,0.99,0.0,-4.69,20.04,0
34.0,0.0,20.0,7.96,67.0,243.42,10.0,1.97,3.26,2.92,9.36,9.04,0.92,4.26,2.39,5.3,1.0,0.35,0.2,0.53,-1.66,1.0,0.92,0.02,-1.74,1.63,1.0,0.99,0.0,-4.78,22.18,0
12.0,0.0,8.0,7.32,20.0,240.36,5.0,1.67,1.39,1.89,2.54,5.21,0.72,2.71,1.98,2.22,1.0,0.3,0.19,0.75,-1.37,1.0,0.97,0.01,-3.25,10.54,1.0,1.0,0.0,0.0,-3.0,0
0.0,0.0,0.0,0.0,0.0,0.0,0.0,0.0,0.0,0.0,0.0,0.0,0.0,0.0,0.0,0.0,0.0,0.0,0.0,0.0,0.0,0.0,0.0,0.0,0.0,0.0,0.0,0.0,0.0,0.0,0.0,0
70.0,0.0,18.0,6.55,104.0,237.97,7.0,1.49,1.54,3.34,11.05,7.21,0.43,2.13,3.37,10.23,1.0,0.22,0.16,1.33,-0.2,1.0,0.94,0.02,-2.18,3.43,1.0,1.0,0.0,-8.19,65.01,0
91.0,0.0,62.0,21.59,150.0,241.02,5.0,1.65,1.0,1.67,2.11,5.21,0.48,1.57,2.51,4.89,1.0,0.36,0.22,0.54,-1.68,1.0,0.9,0.03,-1.68,1.54,1.0,0.99,0.0,-4.45,17.8,0
3.0,0.0,6.0,4.06,3.0,234.67,1.0,1.0,0.0,0.0,-3.0,0.0,0.0,0.0,0.0,-3.0,0.0,0.0,0.0,0.0,-3.0,1.0,0.93,0.03,-2.38,4.63,1.0,1.0,0.0,0.0,-3.0,0
18.0,0.0,27.0,10.97,33.0,238.82,7.0,1.83,2.36,2.21,4.42,6.62,0.99,3.83,1.73,1.64,1.0,0.3,0.19,0.74,-1.41,1.0,0.9,0.03,-1.37,0.58,1.0,0.98,0.01,-3.88,13.06,0
5.0,0.0,18.0,6.67,11.0,235.6,4.0,2.2,2.16,0.41,-1.83,4.0,1.48,3.33,0.44,-1.77,0.84,0.17,0.11,1.5,0.25,1.0,0.9,0.04,-1.54,0.87,1.0,0.96,0.01,-1.5,0.25,0
58.0,0.0,144.0,39.42,83.0,235.18,8.0,1.43,1.35,3.87,16.74,6.41,0.34,1.49,3.76,13.36,1.0,0.19,0.14,1.58,0.55,1.0,0.85,0.05,-1.09,-0.28,1.0,1.0,0.0,-7.42,53.02,0
36.0,0.0,14.0,5.57,59.0,238.6,5.0,1.64,1.12,2.02,3.51,5.62,0.45,1.92,3.03,7.52,1.0,0.35,0.22,0.6,-1.61,1.0,0.94,0.02,-2.37,4.76,1.0,1.0,0.0,0.0,-3.0,0
20.0,0.0,15.0,6.52,24.0,237.65,2.0,1.2,0.16,1.5,0.25,0.0,0.0,0.0,0.0,-3.0,1.0,0.2,0.16,1.5,0.25,1.0,0.91,0.03,-1.7,1.3,1.0,1.0,0.0,0.0,-3.0,0
18.0,0.0,8.0,4.1,26.0,238.59,3.0,1.44,0.47,1.24,0.17,3.41,0.38,1.15,2.47,4.13,1.0,0.31,0.2,0.75,-1.4,1.0,0.91,0.03,-1.61,1.2,1.0,1.0,0.0,0.0,-3.0,0
21.0,0.0,15.0,5.45,39.0,240.32,7.0,1.86,2.22,2.15,4.27,5.21,0.79,2.74,1.7,1.09,1.0,0.27,0.18,0.99,-0.98,1.0,0.94,0.02,-2.26,3.63,1.0,0.99,0.0,-4.25,16.05,0
91.0,0.0,234.0,25.19,214.0,238.94,13.0,2.35,5.96,2.63,7.24,11.24,1.33,6.94,2.01,3.39,1.0,0.38,0.2,0.39,-1.75,1.0,0.91,0.03,-1.67,1.39,1.0,0.98,0.0,-3.62,12.82,0
20.0,0.0,8.0,4.51,30.0,240.86,7.0,1.5,1.85,3.34,10.46,6.21,0.36,1.85,3.97,14.14,1.0,0.2,0.15,1.5,0.27,1.0,0.94,0.02,-2.08,2.96,1.0,1.0,0.0,0.0,-3.0,0
12.0,0.0,12.0,6.63,13.0,234.92,2.0,1.08,0.08,3.02,7.09,0.0,0.0,0.0,0.0,-3.0,1.0,0.08,0.08,3.02,7.09,1.0,0.93,0.02,-1.98,2.53,1.0,1.0,0.0,0.0,-3.0,0
54.0,0.0,18.0,8.23,100.0,238.66,11.0,1.85,3.5,3.12,10.47,11.21,0.91,5.09,2.74,7.51,1.0,0.28,0.19,0.92,-1.11,1.0,0.92,0.03,-1.87,2.16,1.0,0.99,0.0,-7.14,49.02,0
63.0,0.0,49.0,15.18,113.0,237.0,5.0,1.79,0.99,1.39,1.67,5.21,0.69,2.25,1.86,1.8,1.0,0.46,0.23,0.07,-1.95,1.0,0.9,0.03,-1.54,0.85,1.0,1.0,0.0,0.0,-3.0,0
6.0,0.0,6.0,4.56,6.0,236.33,1.0,1.0,0.0,0.0,-3.0,0.0,0.0,0.0,0.0,-3.0,0.0,0.0,0.0,0.0,-3.0,1.0,0.95,0.02,-2.6,5.62,1.0,1.0,0.0,0.0,-3.0,0
49.0,0.0,25.0,10.43,88.0,239.92,7.0,1.8,1.92,2.17,4.21,7.41,0.81,3.68,2.2,3.47,1.0,0.35,0.21,0.58,-1.62,1.0,0.91,0.03,-1.77,1.93,1.0,0.99,0.0,-5.37,28.49,0
23.0,0.0,12.0,8.21,40.0,241.41,8.0,1.74,2.63,2.81,7.43,8.24,0.73,4.1,2.74,6.4,1.0,0.28,0.19,0.89,-1.17,1.0,0.94,0.02,-2.47,4.92,1.0,1.0,0.0,0.0,-3.0,0
7.0,0.0,10.0,8.95,9.0,238.14,2.0,1.29,0.2,0.95,-1.1,0.0,0.0,0.0,0.0,-3.0,1.0,0.29,0.2,0.95,-1.1,1.0,0.94,0.02,-2.37,4.78,1.0,1.0,0.0,0.0,-3.0,0
1.0,0.0,4.0,4.2,1.0,242.0,1.0,1.0,0.0,0.0,-3.0,0.0,0.0,0.0,0.0,-3.0,0.0,0.0,0.0,0.0,-3.0,1.0,0.96,0.01,-3.58,11.78,1.0,1.0,0.0,0.0,-3.0,0
81.0,0.0,159.0,30.98,403.0,245.35,60.0,4.98,86.0,4.08,18.42,43.31,3.73,57.66,3.3,12.55,1.0,0.44,0.21,0.1,-1.91,1.0,0.89,0.04,-1.52,1.05,1.0,0.94,0.02,-1.89,2.06,0
12.0,0.0,22.0,9.55,19.0,242.71,3.0,1.58,0.58,0.86,-0.75,3.41,0.4,0.98,2.39,4.31,1.0,0.4,0.23,0.37,-1.84,1.0,0.93,0.02,-2.13,3.28,1.0,1.0,0.0,0.0,-3.0,0
9.0,0.0,4.0,2.0,15.0,240.0,3.0,1.67,0.44,0.5,-0.75,3.41,0.38,1.15,2.47,4.13,1.0,0.54,0.23,-0.19,-1.93,1.0,0.94,0.02,-2.27,4.03,1.0,1.0,0.0,0.0,-3.0,0
10.0,0.0,8.0,5.49,13.0,235.7,3.0,1.3,0.41,1.92,2.15,3.41,0.34,1.05,2.67,5.11,1.0,0.18,0.13,1.55,0.47,1.0,0.95,0.02,-2.71,5.9,1.0,1.0,0.0,0.0,-3.0,0
24.0,0.0,14.0,6.25,31.0,236.97,3.0,1.29,0.29,1.69,1.91,1.0,0.04,0.04,4.59,19.04,1.0,0.25,0.19,1.15,-0.67,1.0,0.94,0.02,-2.25,4.07,1.0,1.0,0.0,0.0,-3.0,0
25.0,0.0,13.0,6.95,40.0,241.21,4.0,1.6,0.88,1.45,0.94,4.0,0.59,1.86,1.88,1.61,1.0,0.27,0.18,1.01,-0.93,1.0,0.95,0.01,-2.64,6.23,1.0,1.0,0.0,0.0,-3.0,0
19.0,0.0,344.0,26.69,457.0,243.21,309.0,24.05,4779.73,3.68,12.21,90.01,9.81,447.89,3.0,8.16,1.0,0.59,0.18,-0.54,-1.52,1.0,0.92,0.03,-1.76,1.76,1.0,0.93,0.01,-1.36,0.84,1
48.0,0.01,1536.0,63.96,1218.0,243.93,959.0,25.38,19188.86,6.4,40.02,633.49,15.82,8327.93,6.47,40.74,1.0,0.36,0.21,0.52,-1.66,1.0,0.94,0.02,-2.43,4.68,1.0,0.98,0.01,-4.06,15.3,1
10.0,0.0,117.0,20.28,159.0,242.54,97.0,15.9,931.69,1.92,2.16,44.35,8.47,251.35,1.53,0.48,1.0,0.37,0.21,0.43,-1.78,1.0,0.94,0.02,-2.36,5.16,1.0,0.97,0.0,-2.0,2.48,1
16.0,0.0,33.0,12.5,63.0,242.39,17.0,3.94,21.56,1.54,1.37,13.66,2.55,17.73,1.4,0.65,1.0,0.38,0.19,0.33,-1.8,1.0,0.94,0.02,-2.51,5.41,1.0,0.96,0.01,-1.9,2.76,1
85.0,0.09,5567.0,116.93,11178.0,242.48,4971.0,131.51,437889.52,6.04,37.24,1186.85,45.14,37637.98,5.17,26.18,1.0,0.51,0.19,-0.23,-1.78,1.0,0.89,0.03,-1.42,0.61,1.0,0.94,0.01,-2.07,3.5,1
8.0,0.0,71.0,20.25,72.0,240.85,56.0,9.0,320.5,2.2,2.96,37.31,5.59,149.65,2.11,2.69,1.0,0.45,0.21,0.16,-1.85,1.0,0.96,0.01,-2.18,3.33,1.0,1.0,0.0,-2.27,3.14,1
53.0,0.01,2012.0,67.52,3105.0,242.06,1720.0,58.58,58546.47,6.18,39.04,621.48,23.96,7664.69,6.06,38.03,1.0,0.53,0.18,-0.35,-1.71,1.0,0.93,0.03,-2.18,3.18,1.0,0.93,0.01,-1.33,0.46,1
33.0,0.11,6910.0,155.9,8131.0,239.85,5440.0,246.39,1028407.15,4.4,18.61,2314.33,90.78,162976.92,5.1,24.94,1.0,0.52,0.19,-0.22,-1.79,1.0,0.92,0.03,-1.92,2.05,1.0,0.93,0.01,-1.43,0.89,1
4.0,0.0,211.0,22.23,164.0,238.59,156.0,41.0,4412.5,1.15,-0.67,95.81,25.3,1661.65,1.14,-0.67,0.82,0.41,0.17,0.0,-2.0,1.0,0.91,0.03,-1.63,0.95,1.0,0.93,0.01,-1.15,-0.67,1
214.0,0.16,7849.0,181.4,25777.0,243.61,7169.0,120.45,529101.66,8.17,70.27,2587.25,44.93,66165.29,8.29,71.44,1.0,0.6,0.17,-0.66,-1.38,1.0,0.87,0.04,-1.28,0.37,1.0,0.94,0.01,-2.12,3.54,1
9.0,0.0,66.0,17.07,148.0,244.2,53.0,16.44,329.14,1.21,-0.25,33.76,11.98,138.46,1.01,-0.49,0.95,0.64,0.13,-1.1,-0.5,1.0,0.93,0.02,-2.07,3.21,1.0,0.95,0.01,-1.35,-0.15,1
10.0,0.0,100.0,17.45,93.0,238.43,82.0,9.3,587.41,2.67,5.11,43.56,4.36,170.74,2.67,5.11,1.0,0.29,0.2,0.88,-1.22,1.0,0.94,0.02,-2.26,3.53,1.0,0.98,0.0,-2.67,5.11,1
22.0,0.0,172.0,21.73,139.0,240.79,103.0,6.32,446.85,4.34,16.89,83.04,4.29,297.78,4.31,16.72,1.0,0.36,0.21,0.53,-1.62,1.0,0.94,0.02,-2.37,4.98,1.0,0.98,0.01,-4.36,17.05,1
38.0,0.0,130.0,26.35,273.0,242.35,75.0,7.18,193.78,3.48,12.96,36.38,4.42,64.8,2.34,5.54,1.0,0.31,0.17,0.69,-1.39,1.0,0.94,0.02,-2.27,3.92,1.0,0.98,0.0,-3.38,11.73,1
33.0,0.17,8280.0,257.34,8286.0,244.43,7273.0,251.09,1543417.9,5.47,27.93,2222.59,82.92,143560.12,5.45,27.82,1.0,0.61,0.16,-0.69,-1.21,1.0,0.89,0.03,-1.45,1.04,1.0,0.91,0.02,-2.15,5.16,1
34.0,0.0,204.0,32.23,303.0,240.41,169.0,8.91,794.61,5.38,27.6,87.56,5.68,217.32,5.02,25.01,1.0,0.42,0.18,0.07,-1.9,1.0,0.94,0.02,-2.49,5.26,1.0,0.98,0.0,-3.12,8.95,1
9.0,0.0,12.0,4.76,30.0,239.87,8.0,3.33,6.67,0.56,-1.26,7.04,2.54,8.43,0.36,-1.7,1.0,0.46,0.18,-0.11,-1.84,1.0,0.97,0.01,-3.09,8.77,1.0,0.98,0.0,-2.47,4.13,1
63.0,0.02,1126.0,51.45,4059.0,244.02,998.0,64.43,34800.94,3.66,12.91,397.75,26.88,4716.31,3.69,14.17,1.0,0.59,0.18,-0.57,-1.53,1.0,0.91,0.03,-1.71,1.51,1.0,0.9,0.02,-0.98,-0.64,1
5.0,0.12,12186.0,262.59,11428.0,239.47,11341.0,2285.6,20501003.84,1.5,0.25,2096.48,427.02,696947.65,1.5,0.25,1.0,0.63,0.14,-0.66,-1.14,1.0,0.94,0.02,-2.44,5.07,1.0,0.9,0.03,-1.31,-0.06,1
26.0,0.0,30.0,15.42,55.0,240.99,14.0,2.12,6.72,3.73,14.1,11.62,1.06,6.62,2.88,8.31,1.0,0.32,0.2,0.68,-1.49,1.0,0.94,0.02,-2.15,3.34,1.0,1.0,0.0,-4.8,21.04,1
7.0,0.0,24.0,9.26,33.0,240.28,13.0,4.71,13.92,1.45,0.6,9.62,3.58,11.79,0.6,-1.04,1.0,0.9,0.01,-0.48,-1.36,1.0,0.9,0.03,-1.7,1.78,1.0,0.94,0.01,-0.98,-0.99,1
669.0,0.15,31134.0,365.3,25895.0,240.18,18640.0,38.71,520236.91,25.64,658.22,8906.6,20.6,119070.39,25.53,654.35,1.0,0.51,0.2,-0.18,-1.86,1.0,0.85,0.05,-1.13,-0.24,1.0,0.94,0.02,-2.09,3.41,1
139.0,0.13,7513.0,103.39,30643.0,241.47,6857.0,220.45,826494.82,5.27,29.09,1039.65,48.33,24190.36,4.01,16.72,1.0,0.5,0.19,-0.13,-1.81,1.0,0.89,0.03,-1.25,0.17,1.0,0.94,0.01,-1.69,1.68,1
32.0,0.0,75.0,20.08,201.0,242.66,64.0,6.28,210.33,2.98,7.69,42.59,3.41,88.33,3.0,8.24,1.0,0.33,0.21,0.67,-1.54,1.0,0.95,0.02,-2.6,5.81,1.0,0.99,0.0,-3.79,14.7,1
224.0,0.03,2386.0,65.21,4653.0,237.35,1958.0,20.77,26080.41,10.02,105.67,524.25,7.6,2442.08,8.74,77.67,1.0,0.43,0.21,0.17,-1.89,1.0,0.85,0.05,-0.99,-0.54,1.0,0.98,0.0,-4.21,20.12,1
115.0,0.02,2542.0,77.88,3197.0,242.31,2359.0,27.8,48517.59,10.32,106.11,377.48,6.47,1325.65,9.32,90.99,1.0,0.35,0.19,0.54,-1.61,1.0,0.89,0.04,-1.39,0.47,1.0,0.98,0.0,-3.2,9.48,1
146.0,0.15,13528.0,158.72,18475.0,242.88,11041.0,126.54,891065.48,10.74,119.78,4356.49,53.11,137941.72,10.79,120.76,1.0,0.49,0.17,-0.21,-1.72,1.0,0.89,0.03,-1.51,0.91,1.0,0.93,0.01,-1.69,1.87,1
19.0,0.02,1311.0,92.59,2364.0,242.3,1105.0,124.42,87907.09,2.4,4.41,431.2,44.78,11279.2,2.74,6.63,1.0,0.55,0.16,-0.4,-1.6,1.0,0.88,0.03,-1.31,0.18,1.0,0.93,0.02,-1.57,1.23,1
2.0,0.0,27.0,10.96,22.0,245.57,21.0,11.0,100.0,0.0,-2.0,16.66,8.33,69.36,0.0,-2.0,0.93,0.46,0.21,0.0,-2.0,1.0,0.93,0.03,-2.18,2.79,1.0,0.92,0.01,0.0,-2.0,1
15.0,0.0,42.0,15.19,61.0,239.82,27.0,4.07,57.4,2.31,3.62,20.86,2.49,40.94,2.23,3.08,1.0,0.26,0.18,1.06,-0.86,1.0,0.94,0.02,-2.3,4.19,1.0,0.98,0.0,-2.48,4.64,1
21.0,0.0,67.0,25.23,114.0,238.46,34.0,5.43,83.67,2.11,3.03,25.04,3.61,50.25,1.95,2.46,1.0,0.33,0.18,0.6,-1.54,1.0,0.92,0.03,-1.87,2.19,1.0,0.98,0.0,-1.98,2.55,1
52.0,0.1,1901.0,58.51,7018.0,241.72,1765.0,134.96,175161.84,3.1,8.13,659.41,38.6,14218.72,3.61,13.33,1.0,0.42,0.2,0.19,-1.83,1.0,0.93,0.02,-2.3,4.09,1.0,0.96,0.01,-2.07,2.83,1
9.0,0.0,12.0,5.91,20.0,238.64,6.0,2.22,2.62,1.37,0.61,6.24,1.18,5.09,1.46,0.33,1.0,0.51,0.22,-0.12,-1.89,1.0,0.91,0.03,-1.49,0.96,1.0,1.0,0.0,0.0,-3.0,1
84.0,0.06,7839.0,115.87,10852.0,241.16,6208.0,129.19,513756.58,7.59,59.58,2761.79,61.07,101522.16,7.56,59.36,1.0,0.53,0.16,-0.5,-1.58,1.0,0.91,0.03,-1.57,1.08,1.0,0.92,0.02,-1.25,0.19,1
42.0,0.0,609.0,50.83,595.0,238.84,535.0,14.17,6616.81,6.25,37.02,197.27,5.04,902.44,6.24,36.93,1.0,0.32,0.2,0.73,-1.43,1.0,0.91,0.03,-1.77,1.77,1.0,0.99,0.0,-6.25,37.02,1
16.0,0.0,714.0,51.56,692.0,244.29,616.0,43.25,21893.31,3.61,11.04,213.17,17.1,2581.92,3.57,10.86,0.93,0.43,0.19,0.02,-1.97,1.0,0.92,0.03,-1.93,2.57,1.0,0.96,0.01,-2.14,3.22,1
97.0,0.0,270.0,26.84,733.0,238.57,224.0,7.56,969.3,6.44,40.65,79.63,3.23,127.62,5.6,32.83,1.0,0.37,0.2,0.45,-1.71,1.0,0.91,0.03,-1.65,1.35,1.0,0.99,0.0,-3.36,10.07,1
164.0,0.25,33689.0,449.24,59285.0,238.82,30997.0,361.49,6540690.53,10.71,123.08,4694.97,69.78,166777.26,9.4,99.02,1.0,0.49,0.2,-0.1,-1.89,1.0,0.85,0.04,-0.99,-0.52,1.0,0.95,0.01,-2.15,3.61,1
9.0,0.0,51.0,11.08,48.0,238.52,37.0,5.33,126.22,2.44,4.03,23.94,3.1,55.8,2.35,3.74,0.88,0.1,0.08,2.47,4.13,1.0,0.95,0.02,-2.51,5.1,1.0,0.98,0.0,-2.47,4.13,1
246.0,0.04,4841.0,146.11,3611.0,237.86,383.0,14.68,1741.07,5.23,32.33,281.85,11.2,962.78,5.11,31.03,1.0,0.59,0.17,-0.59,-1.47,1.0,0.89,0.04,-1.45,0.66,1.0,0.91,0.02,-1.6,1.5,1
107.0,0.14,15639.0,226.69,23847.0,239.94,12144.0,222.87,2518458.75,7.12,48.81,4635.5,82.75,338391.89,7.18,49.95,1.0,0.5,0.2,-0.15,-1.89,1.0,0.9,0.03,-1.55,0.97,1.0,0.97,0.01,-2.75,6.93,1
436.0,0.0,170.0,21.56,1400.0,242.01,60.0,3.21,28.18,5.64,43.48,37.56,2.05,18.98,3.49,16.71,1.0,0.42,0.21,0.22,-1.88,1.0,0.88,0.04,-1.29,0.23,1.0,0.97,0.01,-3.27,11.08,1
836.0,0.24,63450.0,483.47,100960.0,237.51,51541.0,120.77,4918380.38,20.86,444.1,11709.98,31.79,286238.61,20.3,415.42,1.0,0.48,0.2,-0.07,-1.9,1.0,0.87,0.04,-1.23,0.07,1.0,0.96,0.01,-2.59,6.05,1
54.0,0.04,14176.0,183.56,11897.0,239.01,11550.0,220.31,2422118.96,7.14,49.01,2597.79,52.94,122316.65,7.13,48.91,1.0,0.53,0.19,-0.28,-1.79,1.0,0.9,0.03,-1.67,1.4,1.0,0.93,0.02,-2.02,3.41,1
38.0,0.0,274.0,43.18,309.0,238.88,235.0,8.13,1393.32,5.9,32.91,99.95,3.5,255.21,5.78,31.96,1.0,0.42,0.22,0.27,-1.87,1.0,0.91,0.03,-1.73,1.61,1.0,0.98,0.0,-4.05,14.56,1
175.0,0.01,3810.0,95.05,2867.0,239.56,2430.0,16.38,33492.2,13.11,169.88,1307.04,8.9,9696.1,13.09,169.61,1.0,0.44,0.22,0.15,-1.92,1.0,0.88,0.04,-1.41,0.62,1.0,0.98,0.0,-3.95,16.87,1
86.0,0.0,233.0,26.0,354.0,239.41,102.0,4.12,138.22,7.05,53.8,67.91,2.55,69.35,6.14,42.7,1.0,0.44,0.22,0.14,-1.92,1.0,0.9,0.03,-1.65,1.29,1.0,0.98,0.01,-3.91,15.05,1
18.0,0.0,35.0,8.17,73.0,244.73,21.0,4.06,28.05,2.06,3.42,19.86,3.26,28.13,1.86,2.84,1.0,0.33,0.17,0.52,-1.64,1.0,0.94,0.02,-2.36,4.4,1.0,0.97,0.01,-2.03,2.38,1
41.0,0.07,2964.0,100.66,11490.0,239.75,2770.0,280.24,651141.5,2.71,5.34,498.17,45.86,14570.97,2.95,7.49,1.0,0.44,0.21,0.09,-1.94,1.0,0.92,0.03,-1.95,3.01,1.0,0.95,0.01,-1.8,2.52,1
608.0,0.03,9256.0,166.63,13375.0,239.87,3058.0,22.0,33173.22,13.44,196.84,1672.83,12.61,9967.69,13.95,211.4,1.0,0.47,0.21,0.0,-1.92,1.0,0.88,0.04,-1.35,0.42,1.0,0.95,0.01,-2.66,7.18,1
147.0,0.03,2295.0,144.28,3388.0,238.1,764.0,23.05,10725.81,5.62,31.41,323.44,10.58,1828.89,5.67,32.83,1.0,0.49,0.2,-0.1,-1.89,1.0,0.88,0.04,-1.42,0.68,1.0,0.96,0.01,-2.84,7.63,1
151.0,0.01,2369.0,63.88,4157.0,243.7,2161.0,27.53,31292.54,11.64,137.14,407.1,12.91,1501.11,7.81,71.32,1.0,0.61,0.16,-0.78,-1.17,1.0,0.89,0.04,-1.49,0.8,1.0,0.92,0.02,-1.97,3.1,1
24.0,0.04,6595.0,145.83,7310.0,244.07,5007.0,304.58,1049066.83,4.05,15.55,654.07,50.32,19573.97,3.51,11.75,1.0,0.54,0.16,-0.44,-1.58,1.0,0.93,0.02,-2.19,3.62,1.0,0.94,0.01,-1.57,1.37,1
79.0,0.35,34669.0,341.57,62742.0,240.14,33453.0,794.2,17225423.12,6.59,46.58,3748.48,100.48,236084.57,6.03,39.13,1.0,0.47,0.19,-0.05,-1.86,1.0,0.86,0.04,-1.11,-0.21,1.0,0.96,0.01,-2.32,4.33,1
